{"cameraMode":{"drawMode":0,"name":"Shaded","section":"Shading Mode"},"sceneLighting":false,"audioPlay":false,"sceneViewState":{"showFog":true,"showMaterialUpdate":false,"showSkybox":false,"showFlares":true,"showImageEffects":true,"showParticleSystems":true},"in2DMode":false,"pivot":{"x":0.2245173454284668,"y":0.457960844039917,"z":0.5690761804580689},"rotation":{"x":-0.06270090490579605,"y":0.7629806399345398,"z":-0.07486573606729508,"w":-0.6390050649642944},"size":13.393631935119629,"orthographic":false}