{"cameraMode":{"drawMode":0,"name":"Shaded","section":"Shading Mode"},"sceneLighting":false,"audioPlay":false,"sceneViewState":{"showFog":true,"showMaterialUpdate":false,"showSkybox":false,"showFlares":true,"showImageEffects":true,"showParticleSystems":true},"in2DMode":false,"pivot":{"x":1.7612438201904297,"y":0.21650880575180055,"z":5.1744513511657719},"rotation":{"x":-0.004832642152905464,"y":0.7855351567268372,"z":-0.0061346543952822689,"w":-0.6187700629234314},"size":19.086591720581056,"orthographic":false}