{"cameraMode":{"drawMode":0,"name":"Shaded","section":"Shading Mode"},"sceneLighting":false,"audioPlay":false,"sceneViewState":{"showFog":true,"showMaterialUpdate":false,"showSkybox":false,"showFlares":true,"showImageEffects":true,"showParticleSystems":true},"in2DMode":false,"pivot":{"x":-0.9031667709350586,"y":0.3500468134880066,"z":-0.34220248460769656},"rotation":{"x":-0.0802559182047844,"y":0.6659919619560242,"z":-0.07241672277450562,"w":-0.7380855083465576},"size":7.070664405822754,"orthographic":false}