{"cameraMode":{"drawMode":0,"name":"Shaded","section":"Shading Mode"},"sceneLighting":true,"audioPlay":false,"sceneViewState":{"showFog":true,"showMaterialUpdate":false,"showSkybox":true,"showFlares":true,"showImageEffects":true,"showParticleSystems":true},"in2DMode":false,"pivot":{"x":0.1803114414215088,"y":0.28418755531311037,"z":11.721689224243164},"rotation":{"x":-0.11440867930650711,"y":0.8419886827468872,"z":-0.19697700440883637,"w":-0.4890460669994354},"size":43.71875,"orthographic":false}