{"cameraMode":{"drawMode":0,"name":"Shaded","section":"Shading Mode"},"sceneLighting":true,"audioPlay":false,"sceneViewState":{"showFog":true,"showMaterialUpdate":false,"showSkybox":true,"showFlares":true,"showImageEffects":true,"showParticleSystems":true},"in2DMode":false,"pivot":{"x":2.867234230041504,"y":3.302401065826416,"z":33.818626403808597},"rotation":{"x":-0.1056022122502327,"y":0.7918325662612915,"z":-0.14311668276786805,"w":-0.5842785835266113},"size":16.91203498840332,"orthographic":false}