{"cameraMode":{"drawMode":0,"name":"Shaded","section":"Shading Mode"},"sceneLighting":false,"audioPlay":false,"sceneViewState":{"showFog":true,"showMaterialUpdate":false,"showSkybox":false,"showFlares":true,"showImageEffects":true,"showParticleSystems":true},"in2DMode":false,"pivot":{"x":4.467925071716309,"y":-1.2509245872497559,"z":-0.6141195297241211},"rotation":{"x":-0.2689165472984314,"y":-0.08308915048837662,"z":0.02330404706299305,"w":-0.959305465221405},"size":10.845553398132325,"orthographic":false}