{"cameraMode":{"drawMode":0,"name":"Shaded","section":"Shading Mode"},"sceneLighting":false,"audioPlay":false,"sceneViewState":{"showFog":true,"showMaterialUpdate":false,"showSkybox":false,"showFlares":true,"showImageEffects":true,"showParticleSystems":true},"in2DMode":false,"pivot":{"x":0.9622786045074463,"y":2.380825996398926,"z":6.935225486755371},"rotation":{"x":-0.16862407326698304,"y":0.14491456747055055,"z":-0.02505997009575367,"w":-0.9746627807617188},"size":23.40241241455078,"orthographic":false}