{"cameraMode":{"drawMode":0,"name":"Shaded","section":"Shading Mode"},"sceneLighting":true,"audioPlay":false,"sceneViewState":{"showFog":true,"showMaterialUpdate":false,"showSkybox":true,"showFlares":true,"showImageEffects":true,"showParticleSystems":true},"in2DMode":false,"pivot":{"x":-2.0641438961029054,"y":1.6962401866912842,"z":-0.09521365165710449},"rotation":{"x":-0.122633196413517,"y":-0.853286862373352,"z":0.23230956494808198,"w":-0.45043936371803286},"size":5.608391284942627,"orthographic":false}