{"cameraMode":{"drawMode":0,"name":"Shaded","section":"Shading Mode"},"sceneLighting":true,"audioPlay":false,"sceneViewState":{"showFog":true,"showMaterialUpdate":false,"showSkybox":false,"showFlares":true,"showImageEffects":true,"showParticleSystems":true},"in2DMode":false,"pivot":{"x":1.7012014389038087,"y":0.27692079544067385,"z":1.688094139099121},"rotation":{"x":0.06128423288464546,"y":0.7587679028511047,"z":-0.07215524464845658,"w":0.6444582343101502},"size":12.60169506072998,"orthographic":false}