{"cameraMode":{"drawMode":0,"name":"Shaded","section":"Shading Mode"},"sceneLighting":true,"audioPlay":false,"sceneViewState":{"showFog":true,"showMaterialUpdate":false,"showSkybox":true,"showFlares":true,"showImageEffects":true,"showParticleSystems":true},"in2DMode":false,"pivot":{"x":-1.4591774940490723,"y":2.376999616622925,"z":1.9621193408966065},"rotation":{"x":0.07975064218044281,"y":0.9188985228538513,"z":-0.24573393166065217,"w":0.2982020676136017},"size":3.3990981578826906,"orthographic":false}