{"cameraMode":{"drawMode":0,"name":"Shaded","section":"Shading Mode"},"sceneLighting":true,"audioPlay":false,"sceneViewState":{"showFog":true,"showMaterialUpdate":false,"showSkybox":true,"showFlares":true,"showImageEffects":true,"showParticleSystems":true},"in2DMode":false,"pivot":{"x":0.3212103247642517,"y":1.525296926498413,"z":-0.3660040497779846},"rotation":{"x":0.06294476985931397,"y":0.9004539847373962,"z":-0.1391369253396988,"w":0.40731194615364077},"size":4.864658355712891,"orthographic":false}