{"cameraMode":{"drawMode":0,"name":"Shaded","section":"Shading Mode"},"sceneLighting":false,"audioPlay":false,"sceneViewState":{"showFog":true,"showMaterialUpdate":true,"showSkybox":true,"showFlares":true,"showImageEffects":true,"showParticleSystems":true},"in2DMode":false,"pivot":{"x":2.272339344024658,"y":1.1846716403961182,"z":-4.3802571296691898},"rotation":{"x":0.025269847363233568,"y":0.9735375046730042,"z":-0.13402464985847474,"w":0.1834959089756012},"size":11.25788688659668,"orthographic":false}