{"cameraMode":{"drawMode":0,"name":"Shaded","section":"Shading Mode"},"sceneLighting":false,"audioPlay":false,"sceneViewState":{"showFog":true,"showMaterialUpdate":true,"showSkybox":true,"showFlares":true,"showImageEffects":true,"showParticleSystems":true},"in2DMode":false,"pivot":{"x":2.4515140056610109,"y":1.6850967407226563,"z":-0.4433169364929199},"rotation":{"x":0.013183850795030594,"y":0.9456664323806763,"z":-0.03861016407608986,"w":0.32264572381973269},"size":8.505721092224121,"orthographic":false}