{"cameraMode":{"drawMode":0,"name":"Shaded","section":"Shading Mode"},"sceneLighting":false,"audioPlay":false,"sceneViewState":{"showFog":true,"showMaterialUpdate":false,"showSkybox":false,"showFlares":true,"showImageEffects":true,"showParticleSystems":true},"in2DMode":false,"pivot":{"x":-0.19453954696655274,"y":3.378815174102783,"z":2.9278156757354738},"rotation":{"x":0.12572279572486878,"y":0.7916244864463806,"z":-0.1739545464515686,"w":0.572106659412384},"size":7.829990863800049,"orthographic":false}